index,source,source link,hosted link,screenshot link
1,Liberty Memes Melt Steel Beams ,https://www.facebook.com/libertymemesmeltsteelbeams/photos/a.1637553866350632/2797959173643423/?type=3&theater,https://res.cloudinary.com/memeticinfluence/image/upload/v1594852279/wayfair/1.jpg,https://res.cloudinary.com/memeticinfluence/image/upload/v1594852272/wayfair/1_screenshot.png
2,Liberty Memes Melt Steel Beams ,https://www.facebook.com/photo.php?fbid=1344397995753157&set=p.1344397995753157&type=3&theater,https://res.cloudinary.com/memeticinfluence/image/upload/v1594852276/wayfair/2.jpg,https://res.cloudinary.com/memeticinfluence/image/upload/v1594852279/wayfair/2_screenshot.png
3,Liberty Memes Melt Steel Beams ,https://www.facebook.com/photo.php?fbid=10217367636042198&set=p.10217367636042198&type=3&theater,https://res.cloudinary.com/memeticinfluence/image/upload/v1594852278/wayfair/3.jpg,https://res.cloudinary.com/memeticinfluence/image/upload/v1594852278/wayfair/3_screenshot.png
4,liberty Memes Melt Steel Beams ,https://www.facebook.com/photo.php?fbid=10157544012823041&set=p.10157544012823041&type=3&theater,https://res.cloudinary.com/memeticinfluence/image/upload/v1594852273/wayfair/4.jpg,https://res.cloudinary.com/memeticinfluence/image/upload/v1594852275/wayfair/4_screenshot.png
5,liberty Memes Melt Steel Beams ,https://www.facebook.com/photo.php?fbid=10220827421789807&set=p.10220827421789807&type=3&theater,https://res.cloudinary.com/memeticinfluence/image/upload/v1594852279/wayfair/5.jpg,https://res.cloudinary.com/memeticinfluence/image/upload/v1594852281/wayfair/5_screenshot.png
6,liberty Memes Melt Steel Beams ,https://www.facebook.com/photo.php?fbid=967067707078866&set=p.967067707078866&type=3&theater,https://res.cloudinary.com/memeticinfluence/image/upload/v1594852287/wayfair/6.jpg,https://res.cloudinary.com/memeticinfluence/image/upload/v1594852291/wayfair/6_screenshot.png
7,Anti-Liberty Memes for Statists and Brainwashed Authoritarian Commie Teens,https://www.facebook.com/photo.php?fbid=161127058862519&set=p.161127058862519&type=3&theater,https://res.cloudinary.com/memeticinfluence/image/upload/v1594852286/wayfair/7.jpg,https://res.cloudinary.com/memeticinfluence/image/upload/v1594852285/wayfair/7_screenshot.png
8,Anti-Liberty Memes for Statists and Brainwashed Authoritarian Commie Teens,https://www.facebook.com/photo.php?fbid=10223585746970897&set=p.10223585746970897&type=3&theater,https://res.cloudinary.com/memeticinfluence/image/upload/v1594852286/wayfair/8.jpg,https://res.cloudinary.com/memeticinfluence/image/upload/v1594852291/wayfair/8_screenshot.png
9,anti-Liberty Memes for Statists and Brainwashed Authoritarian Commie Teens,https://www.facebook.com/DaJekyll/photos/a.450425039077707/724784141641794/?type=3&theater,https://res.cloudinary.com/memeticinfluence/image/upload/v1594852291/wayfair/9.jpg,https://res.cloudinary.com/memeticinfluence/image/upload/v1594852303/wayfair/9_screenshot.png
10,Dads Demand Destructive Devices,https://www.facebook.com/dadsdemandDD/photos/a.281755512239936/1013237839091696/?type=3&theater,https://res.cloudinary.com/memeticinfluence/image/upload/v1594852288/wayfair/10.jpg,https://res.cloudinary.com/memeticinfluence/image/upload/v1594852300/wayfair/10_screenshot.png
11,Dads Demand Destructive Devices,https://www.facebook.com/photo.php?fbid=605407247048740&set=p.605407247048740&type=3&theater,https://res.cloudinary.com/memeticinfluence/image/upload/v1594852292/wayfair/11.jpg,https://res.cloudinary.com/memeticinfluence/image/upload/v1594852302/wayfair/11_screenshot.png
12,dads Demand Destructive Devices,https://www.facebook.com/photo.php?fbid=4605293639484488&set=p.4605293639484488&type=3&theater,https://res.cloudinary.com/memeticinfluence/image/upload/v1594852294/wayfair/12.jpg,https://res.cloudinary.com/memeticinfluence/image/upload/v1594852304/wayfair/12_screenshot.png
13,anti-Liberty Memes for Statists and Brainwashed Authoritarian Commie Teens,https://www.facebook.com/photo.php?fbid=3574761335902032&set=p.3574761335902032&type=3&theater,https://res.cloudinary.com/memeticinfluence/image/upload/v1594852299/wayfair/13.jpg,https://res.cloudinary.com/memeticinfluence/image/upload/v1594852306/wayfair/13_screenshot.png
14,Samon without the L,https://www.facebook.com/SamonWithOutTheL/photos/a.1311035482361731/2006046049527334/?type=3&theater,https://res.cloudinary.com/memeticinfluence/image/upload/v1594852302/wayfair/14.jpg,https://res.cloudinary.com/memeticinfluence/image/upload/v1594852301/wayfair/14_screenshot.png
15,Anti-Liberty Memes for Statists and Brainwashed Authoritarian Commie Teens,https://www.facebook.com/meagan.chapman.188/posts/2610875215844479?hc_location=ufi,https://res.cloudinary.com/memeticinfluence/image/upload/v1594852267/wayfair/15.1.jpg,https://res.cloudinary.com/memeticinfluence/image/upload/v1594852305/wayfair/15_screenshot1.png
,,,https://res.cloudinary.com/memeticinfluence/image/upload/v1594852267/wayfair/15.2.jpg,https://res.cloudinary.com/memeticinfluence/image/upload/v1594852271/wayfair/15_screenshot2.png
,,,https://res.cloudinary.com/memeticinfluence/image/upload/v1594852267/wayfair/15.3.jpg,https://res.cloudinary.com/memeticinfluence/image/upload/v1594852271/wayfair/15_screenshot3.png
,,,https://res.cloudinary.com/memeticinfluence/image/upload/v1594852268/wayfair/15.4.jpg,
,,,https://res.cloudinary.com/memeticinfluence/image/upload/v1594852268/wayfair/15.5.jpg,
,,,https://res.cloudinary.com/memeticinfluence/image/upload/v1594852268/wayfair/15.6.jpg,
,,,https://res.cloudinary.com/memeticinfluence/image/upload/v1594852269/wayfair/15.7.jpg,
,,,https://res.cloudinary.com/memeticinfluence/image/upload/v1594852269/wayfair/15.8.jpg,
16,anti-Liberty Memes for Statists and Brainwashed Authoritarian Commie Teens,https://www.facebook.com/photo.php?fbid=3128213327268033&set=p.3128213327268033&type=3&theater,https://res.cloudinary.com/memeticinfluence/image/upload/v1594852272/wayfair/16.jpg,https://res.cloudinary.com/memeticinfluence/image/upload/v1594852272/wayfair/16_screenshot.png
17,anti-Liberty Memes for Statists and Brainwashed Authoritarian Commie Teens,https://www.facebook.com/photo.php?fbid=4690023461023435&set=p.4690023461023435&type=3&theater,https://res.cloudinary.com/memeticinfluence/image/upload/v1594852273/wayfair/17.jpg,https://res.cloudinary.com/memeticinfluence/image/upload/v1594852277/wayfair/17_screenshot.png
18,Run with Deader Suns,https://www.facebook.com/Runwithdeadersuns/photos/pcb.111739933941727/111738813941839/?type=3&theater,https://res.cloudinary.com/memeticinfluence/image/upload/v1594852274/wayfair/18.jpg,https://res.cloudinary.com/memeticinfluence/image/upload/v1594852276/wayfair/18_screenshot.png
19,anti-Liberty Memes for Statists and Brainwashed Authoritarian Commie Teens,https://www.facebook.com/photo.php?fbid=3784478881580699&set=p.3784478881580699&type=3&theater,https://res.cloudinary.com/memeticinfluence/image/upload/v1594852274/wayfair/19.jpg,https://res.cloudinary.com/memeticinfluence/image/upload/v1594852280/wayfair/19_screenshot.png
20,Anti-Liberty Memes for Statists and Brainwashed Authoritarian Commie Teens,https://www.facebook.com/photo.php?fbid=3784838818211372&set=p.3784838818211372&type=3&theater,https://res.cloudinary.com/memeticinfluence/image/upload/v1594852280/wayfair/20.jpg,https://res.cloudinary.com/memeticinfluence/image/upload/v1594852284/wayfair/20_screenshot.png
21,anti-Liberty Memes for Statists and Brainwashed Authoritarian Commie Teens,https://www.facebook.com/photo.php?fbid=3784840178211236&set=p.3784840178211236&type=3&theater,https://res.cloudinary.com/memeticinfluence/image/upload/v1594852281/wayfair/21.jpg,https://res.cloudinary.com/memeticinfluence/image/upload/v1594852283/wayfair/21_screenshot.png
22,anti-Liberty Memes for Statists and Brainwashed Authoritarian Commie Teens,https://www.facebook.com/photo.php?fbid=985314415216165&set=p.985314415216165&type=3&theater,https://res.cloudinary.com/memeticinfluence/image/upload/v1594852281/wayfair/22.jpg,https://res.cloudinary.com/memeticinfluence/image/upload/v1594852286/wayfair/22_screenshot.png
23,anti-Liberty Memes for Statists and Brainwashed Authoritarian Commie Teens,https://www.facebook.com/photo.php?fbid=985314505216156&set=p.985314505216156&type=3&theater,https://res.cloudinary.com/memeticinfluence/image/upload/v1594852282/wayfair/23.jpg,https://res.cloudinary.com/memeticinfluence/image/upload/v1594852286/wayfair/23_screenshot.png
24,anti-Liberty Memes for Statists and Brainwashed Authoritarian Commie Teens,https://www.facebook.com/photo.php?fbid=985314785216128&set=p.985314785216128&type=3&theater,https://res.cloudinary.com/memeticinfluence/image/upload/v1594852287/wayfair/24.jpg,https://res.cloudinary.com/memeticinfluence/image/upload/v1594852286/wayfair/24_screenshot.png
25,anti-Liberty Memes for Statists and Brainwashed Authoritarian Commie Teens,https://www.facebook.com/photo.php?fbid=985645291849744&set=p.985645291849744&type=3&theater,https://res.cloudinary.com/memeticinfluence/image/upload/v1594852287/wayfair/25.jpg,https://res.cloudinary.com/memeticinfluence/image/upload/v1594852291/wayfair/25_screenshot.png
26,anti-Liberty Memes for Statists and Brainwashed Authoritarian Commie Teens,https://www.facebook.com/photo.php?fbid=1164175713915686&set=p.1164175713915686&type=3&theater,https://res.cloudinary.com/memeticinfluence/image/upload/v1594852288/wayfair/26.jpg,https://res.cloudinary.com/memeticinfluence/image/upload/v1594852290/wayfair/26_screenshot.png
27,anti-Liberty Memes for Statists and Brainwashed Authoritarian Commie Teens,https://www.facebook.com/photo.php?fbid=2638396319593726&set=p.2638396319593726&type=3&theater,https://res.cloudinary.com/memeticinfluence/image/upload/v1594852293/wayfair/27.jpg,https://res.cloudinary.com/memeticinfluence/image/upload/v1594852293/wayfair/27_screenshot.png
28,anti-Liberty Memes for Statists and Brainwashed Authoritarian Commie Teens,https://www.facebook.com/photo.php?fbid=2075759505902467&set=p.2075759505902467&type=3&theater,https://res.cloudinary.com/memeticinfluence/image/upload/v1594852295/wayfair/28.jpg,https://res.cloudinary.com/memeticinfluence/image/upload/v1594852298/wayfair/28_screenshot.png
29,anti-Liberty Memes for Statists and Brainwashed Authoritarian Commie Teens,https://www.facebook.com/photo.php?fbid=418844509073227&set=p.418844509073227&type=3&theater,https://res.cloudinary.com/memeticinfluence/image/upload/v1594852301/wayfair/29.jpg,https://res.cloudinary.com/memeticinfluence/image/upload/v1594852300/wayfair/29_screenshot.png
30,anti-Liberty Memes for Statists and Brainwashed Authoritarian Commie Teens,https://www.facebook.com/photo.php?fbid=10157934902223525&set=p.10157934902223525&type=3&theater,https://res.cloudinary.com/memeticinfluence/image/upload/v1594852303/wayfair/30.jpg,https://res.cloudinary.com/memeticinfluence/image/upload/v1594852310/wayfair/30_screenshot.png
31,anti-Liberty Memes for Statists and Brainwashed Authoritarian Commie Teens,https://www.facebook.com/photo.php?fbid=10207597286608373&set=p.10207597286608373&type=3&theater,https://res.cloudinary.com/memeticinfluence/image/upload/v1594852304/wayfair/31.jpg,https://res.cloudinary.com/memeticinfluence/image/upload/v1594852306/wayfair/31_screenshot.png
32,anti-Liberty Memes for Statists and Brainwashed Authoritarian Commie Teens,https://www.facebook.com/photo.php?fbid=579775346264794&set=p.579775346264794&type=3&theater,https://res.cloudinary.com/memeticinfluence/image/upload/v1594852306/wayfair/32.jpg,https://res.cloudinary.com/memeticinfluence/image/upload/v1594852312/wayfair/32_screenshot.png
33,anti-Liberty Memes for Statists and Brainwashed Authoritarian Commie Teens,https://www.facebook.com/photo.php?fbid=2075767825901635&set=p.2075767825901635&type=3&theater,https://res.cloudinary.com/memeticinfluence/image/upload/v1594852308/wayfair/33.jpg,https://res.cloudinary.com/memeticinfluence/image/upload/v1594852311/wayfair/33_screenshot.png
34,anti-Liberty Memes for Statists and Brainwashed Authoritarian Commie Teens,https://www.facebook.com/photo.php?fbid=661971604394253&set=p.661971604394253&type=3&theater,https://res.cloudinary.com/memeticinfluence/image/upload/v1594852307/wayfair/34.jpg,https://res.cloudinary.com/memeticinfluence/image/upload/v1594852312/wayfair/34_screenshot.png
35,Daily updates on whether or not Gislaine Maxwell didn't kill herself,https://www.facebook.com/107008887745557/photos/a.107050931074686/116055590174220/?type=3&theater,https://res.cloudinary.com/memeticinfluence/image/upload/v1594852308/wayfair/35.jpg,https://res.cloudinary.com/memeticinfluence/image/upload/v1594852312/wayfair/35_screenshot.png
36,q_ninja_patriot_,https://www.instagram.com/p/CCfUHOoAbzB/?igshid=gf84h0tam5y3,,https://res.cloudinary.com/memeticinfluence/image/upload/v1594852318/wayfair/36_screenshot.png
37,q_ninja_patriot_,https://www.instagram.com/p/CCfTxB1ASpB/,,https://res.cloudinary.com/memeticinfluence/image/upload/v1594852318/wayfair/37_screenshot1.png
,,,,https://res.cloudinary.com/memeticinfluence/image/upload/v1594852316/wayfair/37_screenshot2.png
,,,,https://res.cloudinary.com/memeticinfluence/image/upload/v1594852324/wayfair/37_screenshot3.png
,,,,https://res.cloudinary.com/memeticinfluence/image/upload/v1594852319/wayfair/37_screenshot4.png
,,,,https://res.cloudinary.com/memeticinfluence/image/upload/v1594852319/wayfair/37_screenshot5.png
,,,,https://res.cloudinary.com/memeticinfluence/image/upload/v1594852327/wayfair/37_screenshot6.png
,,,,https://res.cloudinary.com/memeticinfluence/image/upload/v1594852329/wayfair/37_screenshot7.png
,,,,https://res.cloudinary.com/memeticinfluence/image/upload/v1594852325/wayfair/37_screenshot8.png
38,q_ninja_patriot_,https://www.instagram.com/p/CCfSx9rgGrp/,,https://res.cloudinary.com/memeticinfluence/image/upload/v1594852323/wayfair/38_screenshot1.png
,,,,https://res.cloudinary.com/memeticinfluence/image/upload/v1594852327/wayfair/38_screenshot2.png
39,q_ninja_patriot_,https://www.instagram.com/p/CCixb8yAAXN/,https://res.cloudinary.com/memeticinfluence/video/upload/v1594852443/wayfair/39_video.mp4,https://res.cloudinary.com/memeticinfluence/image/upload/v1594852333/wayfair/39_screenshot1.png
,,,,https://res.cloudinary.com/memeticinfluence/image/upload/v1594852329/wayfair/39_screenshot2.png
40,q_ninja_patriot_,https://www.instagram.com/p/CCfWsJMAoxW/,,https://res.cloudinary.com/memeticinfluence/image/upload/v1594852333/wayfair/40_screenshot1.png
,,,,https://res.cloudinary.com/memeticinfluence/image/upload/v1594852337/wayfair/40_screenshot2.png
41,q_ninja_patriot_,https://www.instagram.com/p/CCfV32-AGxu/,,https://res.cloudinary.com/memeticinfluence/image/upload/v1594852334/wayfair/41_screenshot1.png
,,,,https://res.cloudinary.com/memeticinfluence/image/upload/v1594852337/wayfair/41_screenshot2.png
,,,,https://res.cloudinary.com/memeticinfluence/image/upload/v1594852338/wayfair/41_screenshot3.png
,,,,https://res.cloudinary.com/memeticinfluence/image/upload/v1594852338/wayfair/41_screenshot4.png
,,,,https://res.cloudinary.com/memeticinfluence/image/upload/v1594852343/wayfair/41_screenshot5.png
42,Superhero Everson,https://twitter.com/FreeSuperhero1/status/1281818457911287809,,https://res.cloudinary.com/memeticinfluence/image/upload/v1594852341/wayfair/42_screenshot1.png
,,,,https://res.cloudinary.com/memeticinfluence/image/upload/v1594852343/wayfair/42_screenshot2.png
,,,,https://res.cloudinary.com/memeticinfluence/image/upload/v1594852339/wayfair/42_screenshot3.png
43, 99freemind,https://twitter.com/99freemind/status/1272335801930731523,,https://res.cloudinary.com/memeticinfluence/image/upload/v1594852343/wayfair/43_screenshot1.png
,,,,https://res.cloudinary.com/memeticinfluence/image/upload/v1594852344/wayfair/43_screenshot2.png
,,,,https://res.cloudinary.com/memeticinfluence/image/upload/v1594852345/wayfair/43_screenshot3.png
,,,,https://res.cloudinary.com/memeticinfluence/image/upload/v1594852345/wayfair/43_screenshot4.png
,,,,https://res.cloudinary.com/memeticinfluence/image/upload/v1594852347/wayfair/43_screenshot5.png
,,,,https://res.cloudinary.com/memeticinfluence/image/upload/v1594852349/wayfair/43_screenshot6.png
,,,,https://res.cloudinary.com/memeticinfluence/image/upload/v1594852351/wayfair/43_screenshot7.png
,,,,https://res.cloudinary.com/memeticinfluence/image/upload/v1594852348/wayfair/43_screenshot8.png
,,,,https://res.cloudinary.com/memeticinfluence/image/upload/v1594852352/wayfair/43_screenshot9.png
44,99freemind,https://twitter.com/99freemind/status/1272335801930731523,https://res.cloudinary.com/memeticinfluence/image/upload/v1594852352/wayfair/44.1.jpg,https://res.cloudinary.com/memeticinfluence/image/upload/v1594852351/wayfair/44_screenshot1.png
,,,https://res.cloudinary.com/memeticinfluence/image/upload/v1594852353/wayfair/44.2.jpg,https://res.cloudinary.com/memeticinfluence/image/upload/v1594852354/wayfair/44_screenshot2.png
,,,https://res.cloudinary.com/memeticinfluence/image/upload/v1594852353/wayfair/44.3.jpg,https://res.cloudinary.com/memeticinfluence/image/upload/v1594852352/wayfair/44_screenshot3.jpg
45,99freemind,https://twitter.com/jamiegagnon/status/1272413395766013952,https://res.cloudinary.com/memeticinfluence/image/upload/v1594852354/wayfair/45.jpg,https://res.cloudinary.com/memeticinfluence/image/upload/v1594852354/wayfair/45_screenshot.png
46,99freemind,https://twitter.com/jeedsjds13/status/1281726774322200576,https://res.cloudinary.com/memeticinfluence/image/upload/v1594852354/wayfair/46.jpg,https://res.cloudinary.com/memeticinfluence/image/upload/v1594852356/wayfair/46_screenshot.png
47,99freemind,https://twitter.com/JulieBa36882972/status/1272365187857702912/photo/1,,https://res.cloudinary.com/memeticinfluence/image/upload/v1594852359/wayfair/47_screenshot.png
48,99freemind,https://twitter.com/A_better_half/status/1272576112883912704/photo/1,https://res.cloudinary.com/memeticinfluence/image/upload/v1594852356/wayfair/48.jpg,https://res.cloudinary.com/memeticinfluence/image/upload/v1594852357/wayfair/48_screenshot.png
49,99freemind,https://twitter.com/JustHalanna/status/1272526441746444289,https://res.cloudinary.com/memeticinfluence/image/upload/v1594852358/wayfair/49.1.jpg,https://res.cloudinary.com/memeticinfluence/image/upload/v1594852358/wayfair/49_screenshot1.png
,,,https://res.cloudinary.com/memeticinfluence/image/upload/v1594852358/wayfair/49.2.jpg,https://res.cloudinary.com/memeticinfluence/image/upload/v1594852357/wayfair/49_screenshot2.png
50,99freemind,https://twitter.com/BlueMoo00006287/status/1282229099730292738,https://res.cloudinary.com/memeticinfluence/image/upload/v1594852359/wayfair/50.jpg,https://res.cloudinary.com/memeticinfluence/image/upload/v1594852360/wayfair/50_screenshot.png
51,99freemind,https://twitter.com/darrianperdue/status/1281488352164929539,https://res.cloudinary.com/memeticinfluence/image/upload/v1594852359/wayfair/51.1.jpg,
,,,https://res.cloudinary.com/memeticinfluence/image/upload/v1594852360/wayfair/51.2.jpg,
,,,https://res.cloudinary.com/memeticinfluence/image/upload/v1594852360/wayfair/51.3.jpg,
,,,https://res.cloudinary.com/memeticinfluence/image/upload/v1594852360/wayfair/51.4.jpg,
,,,https://res.cloudinary.com/memeticinfluence/image/upload/v1594852361/wayfair/51.5.jpg,
,,,https://res.cloudinary.com/memeticinfluence/image/upload/v1594852361/wayfair/51.6.jpg,
,,,https://res.cloudinary.com/memeticinfluence/image/upload/v1594852361/wayfair/51.7.jpg,
,,,https://res.cloudinary.com/memeticinfluence/image/upload/v1594852362/wayfair/51.8.jpg,
52,99freemind,https://twitter.com/Realty1111/status/1281584541677707264,https://res.cloudinary.com/memeticinfluence/image/upload/v1594852362/wayfair/52.1.jpg,https://res.cloudinary.com/memeticinfluence/image/upload/v1594852363/wayfair/52_screenshot.png
,,,https://res.cloudinary.com/memeticinfluence/image/upload/v1594852362/wayfair/52.2.jpg,
53,r/conspiracy,https://www.reddit.com/r/conspiracy/comments/hom3xj/people_have_discovered_a_highly_possible_human/,,https://res.cloudinary.com/memeticinfluence/image/upload/v1594852366/wayfair/53_screenshot.png
54,sourenergetic,,https://res.cloudinary.com/memeticinfluence/image/upload/v1594852363/wayfair/54.1.jpg,https://res.cloudinary.com/memeticinfluence/image/upload/v1594852365/wayfair/54_screenshot.png
,,,https://res.cloudinary.com/memeticinfluence/image/upload/v1594852364/wayfair/54.2.jpg,
,,,https://res.cloudinary.com/memeticinfluence/image/upload/v1594852364/wayfair/54.3.jpg,
,,,https://res.cloudinary.com/memeticinfluence/image/upload/v1594852364/wayfair/54.4.jpg,
55,saintsoap,https://twitter.com/saintsoap/status/1281588221294661633,https://res.cloudinary.com/memeticinfluence/image/upload/v1594852366/wayfair/55.png,https://res.cloudinary.com/memeticinfluence/image/upload/v1594852366/wayfair/55_screenshot.png
56,returnarura,https://twitter.com/returnaroura/status/1281495784014278656?s=20,https://res.cloudinary.com/memeticinfluence/image/upload/v1594852367/wayfair/56.1.png,https://res.cloudinary.com/memeticinfluence/image/upload/v1594852367/wayfair/56_screenshot.png
,,,https://res.cloudinary.com/memeticinfluence/image/upload/v1594852367/wayfair/56.2.png,
57,prizkilla,https://twitter.com/prizzkilla/status/1281460275258863616,https://res.cloudinary.com/memeticinfluence/image/upload/v1594852367/wayfair/57.1.jpg,https://res.cloudinary.com/memeticinfluence/image/upload/v1594852369/wayfair/57_screenshot.png
,,,https://res.cloudinary.com/memeticinfluence/image/upload/v1594852367/wayfair/57.2.jpg,
,,,https://res.cloudinary.com/memeticinfluence/image/upload/v1594852368/wayfair/57.3.jpg,
58,mayra_oxox,https://twitter.com/mayra_oxox/status/1281667850420142080,,
59,kristenbacon37,https://twitter.com/kristenbacon37/status/1281616627809890304,,
60,truckergirl49,https://twitter.com/truckergirl49/status/1281634574997442560,https://res.cloudinary.com/memeticinfluence/image/upload/v1594852371/wayfair/60.1.jpg,https://res.cloudinary.com/memeticinfluence/image/upload/v1594852373/wayfair/60_screenshot.png
,,,https://res.cloudinary.com/memeticinfluence/image/upload/v1594852372/wayfair/60.2.jpg,
61,zarimx,https://twitter.com/zarimx/status/1281522620555505665,https://res.cloudinary.com/memeticinfluence/image/upload/v1594852373/wayfair/61.1.jpg,https://res.cloudinary.com/memeticinfluence/image/upload/v1594852375/wayfair/61_screenshot.png
,,,https://res.cloudinary.com/memeticinfluence/image/upload/v1594852373/wayfair/61.2.jpg,
,,,https://res.cloudinary.com/memeticinfluence/image/upload/v1594852374/wayfair/61.3.jpg,
62,yungsacequeen,https://twitter.com/yungsacequeen/status/1281624414019375104,https://res.cloudinary.com/memeticinfluence/image/upload/v1594852375/wayfair/62.jpg,https://res.cloudinary.com/memeticinfluence/image/upload/v1594852375/wayfair/62_screenshot.png
63,purp2G00D,https://twitter.com/Purp2G00D/status/1281652472067444736,https://res.cloudinary.com/memeticinfluence/image/upload/v1594852375/wayfair/63.jpg,https://res.cloudinary.com/memeticinfluence/image/upload/v1594852377/wayfair/63_screenshot.png
64,itsjust_Jaz_,https://twitter.com/itsjust_Jaz_/status/1281406554709917696?s=19,https://res.cloudinary.com/memeticinfluence/image/upload/v1594852376/wayfair/64.1.jpg,https://res.cloudinary.com/memeticinfluence/image/upload/v1594852378/wayfair/64_screenshot.png
,,,https://res.cloudinary.com/memeticinfluence/image/upload/v1594852377/wayfair/64.2.jpg,
,,,https://res.cloudinary.com/memeticinfluence/image/upload/v1594852378/wayfair/64.3.jpg,
,,,https://res.cloudinary.com/memeticinfluence/image/upload/v1594852378/wayfair/64.4.jpg,
65,katherine_lombard,https://www.instagram.com/p/CCi0_iaAhOQ/?igshid=1ior2jhdskyan,,https://res.cloudinary.com/memeticinfluence/image/upload/v1594852382/wayfair/65_screenshot1.png
,,,,https://res.cloudinary.com/memeticinfluence/image/upload/v1594852385/wayfair/65_screenshot2.png
,,,,https://res.cloudinary.com/memeticinfluence/image/upload/v1594852383/wayfair/65_screenshot3.png
,,,,https://res.cloudinary.com/memeticinfluence/image/upload/v1594852387/wayfair/65_screenshot4.png
,,,,https://res.cloudinary.com/memeticinfluence/image/upload/v1594852389/wayfair/65_screenshot5.png
,,,,https://res.cloudinary.com/memeticinfluence/image/upload/v1594852386/wayfair/65_screenshot6.png
66,powrbabe,https://www.instagram.com/p/CCjVZFKjcfC/,,https://res.cloudinary.com/memeticinfluence/image/upload/v1594852395/wayfair/66_screenshot.png
67,powrbabe,https://www.instagram.com/p/CCjS9_LjR-g/,,https://res.cloudinary.com/memeticinfluence/image/upload/v1594852393/wayfair/67_screenshot1.png
,,,,https://res.cloudinary.com/memeticinfluence/image/upload/v1594852391/wayfair/67_screenshot2.png
,,,,https://res.cloudinary.com/memeticinfluence/image/upload/v1594852393/wayfair/67_screenshot3.png
,,,,https://res.cloudinary.com/memeticinfluence/image/upload/v1594852397/wayfair/67_screenshot4.png
,,,,https://res.cloudinary.com/memeticinfluence/image/upload/v1594852396/wayfair/67_screenshot5.png
,,,,https://res.cloudinary.com/memeticinfluence/image/upload/v1594852398/wayfair/67_screenshot6.png
,,,,https://res.cloudinary.com/memeticinfluence/image/upload/v1594852397/wayfair/67_screenshot7.png
,,,,https://res.cloudinary.com/memeticinfluence/image/upload/v1594852398/wayfair/67_screenshot8.png
,,,,https://res.cloudinary.com/memeticinfluence/image/upload/v1594852399/wayfair/67_screenshot9.png
,,,,https://res.cloudinary.com/memeticinfluence/image/upload/v1594852402/wayfair/67_screenshot10.png
68,powrbabe,https://www.instagram.com/p/CCjRERdDN6G/,,https://res.cloudinary.com/memeticinfluence/image/upload/v1594852401/wayfair/68_screenshot.png
69,powrbabe,https://www.instagram.com/p/CChy1ovj10w/,,https://res.cloudinary.com/memeticinfluence/image/upload/v1594852402/wayfair/69_screenshot.png
70,powrbabe,https://www.instagram.com/p/CChs3E3jSA4/,,https://res.cloudinary.com/memeticinfluence/image/upload/v1594852404/wayfair/70_screenshot1.png
,,,,https://res.cloudinary.com/memeticinfluence/image/upload/v1594852404/wayfair/70_screenshot2.png
,,,,https://res.cloudinary.com/memeticinfluence/image/upload/v1594852408/wayfair/70_screenshot3.png
71,powrbabe,https://www.instagram.com/p/CChsllhjYZ0/,,https://res.cloudinary.com/memeticinfluence/image/upload/v1594852409/wayfair/71_screenshot1.png
,,,,https://res.cloudinary.com/memeticinfluence/image/upload/v1594852406/wayfair/71_screenshot2.png
72,powrbabe,https://www.instagram.com/p/CChr8rpjFN-/,,https://res.cloudinary.com/memeticinfluence/image/upload/v1594852408/wayfair/72_screenshot.png
73,powrbabe,https://www.instagram.com/p/CCeauV4gXfz/,,https://res.cloudinary.com/memeticinfluence/image/upload/v1594852409/wayfair/73_screenshot1.png
,,,,https://res.cloudinary.com/memeticinfluence/image/upload/v1594852410/wayfair/73_screenshot2.png
,,,,https://res.cloudinary.com/memeticinfluence/image/upload/v1594852413/wayfair/73_screenshot3.png
,,,,https://res.cloudinary.com/memeticinfluence/image/upload/v1594852413/wayfair/73_screenshot4.png
,,,,https://res.cloudinary.com/memeticinfluence/image/upload/v1594852413/wayfair/73_screenshot5.png
74,powrbabe,https://www.instagram.com/p/CCeWpvEgtak/,,https://res.cloudinary.com/memeticinfluence/image/upload/v1594852415/wayfair/74_screenshot.png
75,powrbabe,https://www.instagram.com/p/CCeUBF7Ao5X/,,https://res.cloudinary.com/memeticinfluence/image/upload/v1594852413/wayfair/75_screenshot1.png
,,,,https://res.cloudinary.com/memeticinfluence/image/upload/v1594852422/wayfair/75_screenshot2.png
76,powrbabe,https://www.instagram.com/p/CCeT32IActw/,,https://res.cloudinary.com/memeticinfluence/image/upload/v1594852419/wayfair/76_screenshot1.png
,,,,https://res.cloudinary.com/memeticinfluence/image/upload/v1594852416/wayfair/76_screenshot2.png
77,powrbabe,https://www.instagram.com/p/CCeRmO1AaAN/,,https://res.cloudinary.com/memeticinfluence/image/upload/v1594852418/wayfair/77_screenshot.png
78,powrbabe,https://www.instagram.com/p/CCeRclXA0uh/,,https://res.cloudinary.com/memeticinfluence/image/upload/v1594852423/wayfair/78_screenshot1.png
,,,,https://res.cloudinary.com/memeticinfluence/image/upload/v1594852423/wayfair/78_screenshot2.png
,,,,
,,,,
,,,,
,,,,
,brought to you by memetic influence,,,
,datasets@memeticinfluence.com,,,